<?xml version="1.0" encoding="UTF-8"?>
<addon id="inputstream.mpd" version="999.1.2.14" name="InputStream MPEG DASH" provider-name="peak3d">
  <requires>
    <import addon="kodi.inputstream" version="1.0.5"/>
  </requires>
  <extension point="kodi.inputstream" name="mpd" extension=".mpd" tags="true" listitemprops="license_type|license_key|license_data" library_linux="inputstream.mpd.so.1.2.14"/>
  <extension point="xbmc.addon.metadata">
    <summary lang="en">InputStream Client for MPEG DASH files</summary>
    <description lang="en">InputStream Client for MPEG DASH files</description>
    <platform>linux</platform>
  </extension>
</addon>
