<?xml version="1.0" encoding="UTF-8"?>
<addon id="inputstream.smoothstream" version="1.2.0" name="InputStream SmoothStreamingMedia" provider-name="peak3d">
  <requires>
    <import addon="kodi.inputstream" version="1.0.4"/>
  </requires>
  <extension point="kodi.inputstream" name="smoothstream" extension=".ism" tags="true" listitemprops="license_type|license_key|license_data" library_linux="inputstream.smoothstream.so.1.2.0"/>
  <extension point="xbmc.addon.metadata">
    <summary lang="en">InputStream Client for SmoothStreamingMedia files</summary>
    <description lang="en">InputStream Client for SmoothStreamingMedia files</description>
    <platform>linux</platform>
  </extension>
</addon>
